No,Question,Answer,Checking Result,Source
,Siapa yang dimaksud dengan Otoritas Jasa Keuangan (OJK) dalam peraturan ini?,"OJK dalam peraturan ini merujuk pada lembaga yang independen yang memiliki fungsi, tugas, dan wewenang pengaturan, pengawasan, pemeriksaan, dan penyidikan di bidang jasa keuangan.","Correct
Otoritas Jasa Keuangan yang selanjutnya disingkat OJK adalah lembaga yang independen, yang mempunyai fungsi, tugas dan wewenang pengaturan, pengawasan, pemeriksaan, dan penyidikan sebagaimana dimaksud dalam Undang-Undang Nomor 21 Tahun 2011 tentang Otoritas Jasa Keuangan.","SAL POJK SLIK
Page 3 Paragraph 1 
Number 1
"
,Apa saja yang dimaksud dengan Lembaga Jasa Keuangan (LJK)?,"LJK adalah lembaga yang melaksanakan kegiatan di sektor perbankan, pasar modal, perasuransian, dana pensiun, Lembaga Pembiayaan, dan Lembaga Jasa Keuangan Lainnya.","Correct
Lembaga Jasa Keuangan yang selanjutnya disingkat LJK adalah lembaga yang melaksanakan kegiatan di sektor perbankan, pasar modal, perasuransian, dana pensiun, Lembaga Pembiayaan, dan Lembaga Jasa Keuangan Lainnya.","SAL POJK SLIK
Page 3 Paragraph 1 
Number 2
"
,Bagaimana definisi Bank Umum dalam peraturan ini?,"Bank Umum adalah bank yang dimaksud dalam Undang-Undang Nomor 7 Tahun 1992 tentang Perbankan, termasuk kantor cabang dari bank yang berkedudukan di luar negeri.","Correct
Bank Umum sebagaimana dimaksud dalam Undang-Undang Nomor 7 Tahun 1992 tentang Perbankan sebagaimana telah diubah dengan Undang-Undang Nomor 10 Tahun 1998 tentang Perubahan atas Undang-Undang Nomor 7 Tahun 1992 tentang Perbankan, termasuk kantor cabang dari bank yang berkedudukan di luar negeri;","SAL POJK SLIK
Page 3 Paragraph 1 
Number 3(a)
"
,Apa yang dimaksud dengan Bank Perkreditan Rakyat (BPR)?,"BPR adalah Bank Perkreditan Rakyat yang dimaksud dalam Undang-Undang Nomor 7 Tahun 1992 tentang Perbankan, yang telah diubah dengan Undang-Undang Nomor 10 Tahun 1998.","Correct
Bank Perkreditan Rakyat yang selanjutnya disingkat BPR adalah Bank Perkreditan Rakyat sebagaimana dimaksud dalam Undang-Undang Nomor 7 Tahun 1992 tentang Perbankan sebagaimana telah diubah dengan Undang-Undang Nomor 10 Tahun 1998 tentang Perubahan atas Undang-Undang Nomor 7 Tahun 1992 tentang Perbankan.","SAL POJK SLIK
Page 3 Paragraph 1 
Number 4
"
,Siapa yang dimaksud dengan Pelapor dalam peraturan ini?,Pelapor adalah pihak yang melakukan pelaporan dan permintaan informasi debitur melalui sistem layanan informasi keuangan kepada OJK.,"Correct
Pelapor adalah pihak yang melakukan pelaporan dan permintaan informasi debitur melalui sistem layanan informasi keuangan kepada OJK.","SAL POJK SLIK
Page 4 Paragraph 1 
Number 8
"
,Bagaimana Laporan Debitur diatur dalam peraturan ini?,Laporan Debitur adalah informasi yang disajikan dan dilaporkan oleh Pelapor kepada OJK menurut tata cara dan bentuk laporan serta media laporan yang ditetapkan oleh OJK.,"Correct
Laporan Debitur adalah informasi yang disajikan dan dilaporkan oleh Pelapor kepada OJK menurut tata cara dan bentuk laporan serta media laporan yang ditetapkan oleh OJK.","SAL POJK SLIK
Page 4 Paragraph 1 
Number 8
"
 ,Apa yang dimaksud dengan Fasilitas Penyediaan Dana dalam peraturan ini?,"Fasilitas Penyediaan Dana adalah penyediaan dana oleh Pelapor kepada Debitur, baik dalam rupiah maupun valuta asing dalam bentuk credit atau pembiayaan, surat berharga, dan transaksi rekening administratif.","Correct (only misspell kredit – credit)
Fasilitas Penyediaan Dana adalah penyediaan dana oleh Pelapor kepada Debitur, baik dalam rupiah maupun valuta asing dalam bentuk kredit atau pembiayaan, surat berharga, dan transaksi rekening administratif serta bentuk fasilitas lain yang dapat dipersamakan dengan itu termasuk yang berdasarkan prinsip syariah sebagaimana diatur dalam ketentuan peraturan perundang-undangan.","SAL POJK SLIK
Page 4 Paragraph 1 
Number 11
"
,Bagaimana definisi Debitur dalam peraturan ini?,"Debitur adalah orang perseorangan, perusahaan, atau pihak yang memperoleh fasilitas penyediaan dana dari Pelapor.","Correct
Debitur adalah orang perseorangan, perusahaan, atau pihak yang memperoleh fasilitas penyediaan dana dari Pelapor.","SAL POJK SLIK
Page 4 Paragraph 1 
Number 9
"
,Apa yang dimaksud dengan Sistem Layanan Informasi Keuangan (SLIK)?,SLIK adalah sistem informasi yang dikelola oleh OJK untuk mendukung pelaksanaan tugas pengawasan dan layanan informasi di bidang keuangan.,"Correct
Sistem Layanan Informasi Keuangan yang selanjutnya disingkat SLIK adalah sistem informasi yang dikelola oleh OJK untuk mendukung pelaksanaan tugas pengawasan dan layanan informasi di bidang keuangan.","SAL POJK SLIK
Page 5 Paragraph 1 
Number 13
"
,Siapa yang dimaksud dengan Lembaga Pengelola Informasi Perkreditan (LPIP)?,LPIP adalah lembaga atau badan yang menghimpun dan mengolah data kredit dan data lain untuk menghasilkan informasi perkreditan sesuai dengan ketentuan peraturan perundang-undangan tentang LPIP.,"Correct
Lembaga Pengelola Informasi Perkreditan yang selanjutnya disingkat LPIP adalah lembaga atau badan yang menghimpun dan mengolah data kredit dan data lain untuk menghasilkan informasi perkreditan sesuai dengan ketentuan peraturan perundang-undangan tentang LPIP.","SAL POJK SLIK
Page 5 Paragraph 1 
Number 14
"
,Bagaimana pelaksanaan pelaporan debitur oleh Pelapor?,"Pelapor wajib menyampaikan Laporan Debitur kepada OJK secara lengkap, akurat, terkini, utuh, dan tepat waktu setiap bulan untuk posisi akhir bulan.","Correct
Pelapor wajib menyampaikan Laporan Debitur kepada OJK secara lengkap, akurat, terkini, utuh, dan tepat waktu setiap bulan untuk posisi akhir bulan.","SAL POJK SLIK
Page 6 Paragraph 2 
Number 1
"
,Apa yang harus dicakup dalam Laporan Debitur?,"Laporan Debitur harus mencakup informasi mengenai Debitur, Fasilitas Penyediaan Dana, agunan, penjamin, pengurus dan pemilik, dan keuangan Debitur.","Correct
Laporan Debitur sebagaimana dimaksud pada ayat (1) wajib mencakup informasi mengenai:
a. Debitur;
b. Fasilitas Penyediaan Dana;
c. agunan;
d. penjamin;
e. pengurus dan pemilik; dan
f. keuangan Debitur.","SAL POJK SLIK
Page 6 Paragraph 2 
Number 2
"
,Bagaimana informasi keuangan Debitur harus dilaporkan?,"Informasi keuangan Debitur harus dilaporkan dalam hal Debitur merupakan perusahaan atau pihak yang menerima Fasilitas Penyediaan Dana dari 1 (satu) Pelapor dengan jumlah seluruh Fasilitas Penyediaan Dana paling sedikit sebesar Rp5.000.000.000,00.","Correct
Informasi mengenai keuangan Debitur sebagaimana dimaksud dalam Pasal 4 ayat (2) huruf f dilaporkan dalam hal Debitur merupakan perusahaan atau pihak yang menerima Fasilitas Penyediaan Dana dari 1 (satu) Pelapor dan/atau pembiayaan bersama lebih dari 1 (satu) Pelapor, dengan jumlah seluruh Fasilitas Penyediaan Dana paling sedikit sebesar Rp5.000.000.000,00 (lima miliar rupiah).","SAL POJK SLIK
Page 7 Paragraph 2 
Number 1
"
,Siapa saja yang dapat meminta Informasi Debitur?,"Pihak yang dapat meminta Informasi Debitur adalah Pelapor, Debitur, LPIP, dan pihak lain.","Correct
(1) Pihak yang dapat meminta Informasi Debitur adalah:
a. Pelapor;
b. Debitur;
c. LPIP; dan
d. pihak lain.","SAL POJK SLIK
Page 12 Paragraph 2 
Number 1
"
,Bagaimana Pelapor memberikan Informasi Debitur kepada pihak yang meminta?,Pelapor memberikan Informasi Debitur atas permintaan pihak yang meminta melalui SLIK secara daring (online) atau secara luring (offline).,"Correct
Pelapor yang telah memenuhi kewajiban pelaporan sebagaimana dimaksud dalam Pasal 4 dapat meminta Informasi Debitur sebagaimana dimaksud dalam Pasal 14 ayat (2) kepada OJK secara daring (online) melalui SLIK.","SAL POJK SLIK
Page 12 Paragraph 2 
Number 1
"
,Apa yang harus dilakukan oleh Pelapor jika mengalami gangguan teknis saat menyampaikan Laporan Debitur?,Pelapor yang mengalami gangguan teknis dapat menyampaikan Laporan Debitur secara luring (offline) paling lambat 3 (tiga) hari kerja setelah batas akhir periode penyampaian Laporan Debitur.,"Correct
Pelapor yang mengalami gangguan teknis dalam menyampaikan Laporan Debitur dan/atau koreksi Laporan Debitur dapat menyampaikan secara luring (offline) paling lama 3 (tiga) hari kerja setelah batas akhir periode penyampaian Laporan Debitur dan/atau koreksi Laporan Debitur dengan surat pemberitahuan tertulis kepada OJK disertai dokumen pendukung.","SAL POJK SLIK
Page 10 Paragraph 1 
Number 2
"
,Bagaimana dengan sanksi jika Pelapor melanggar ketentuan dalam peraturan ini?,"Pelapor yang melanggar ketentuan akan dikenakan sanksi administratif berupa teguran tertulis, peringatan tertulis, denda, atau sanksi administratif lainnya sesuai dengan ketentuan peraturan perundang-undangan.","Correct
Pelapor sebagaimana dimaksud dalam Pasal 2, yang melanggar ketentuan sebagaimana dimaksud dalam Pasal 7 huruf b, Pasal 8 ayat (1), Pasal 8 ayat (2) huruf a, Pasal 8 ayat (2) huruf b, Pasal 9 ayat (1), Pasal 9 ayat (2), Pasal 9 ayat (4), Pasal 10 ayat (3), dan Pasal 15 ayat (4), selain dikenakan sanksi administratif berupa teguran tertulis atau peringatan tertulis, denda, dan/atau sanksi administratif lainnya sebagaimana dimaksud dalam Pasal 32, Pasal 33, Pasal 34, dan/atau Pasal 35, dapat dikenakan sanksi administratif berupa:
a. penurunan tingkat kesehatan;
b. pembekuan kegiatan usaha tertentu;
c. penilaian kemampuan dan kepatutan; dan/atau
d. sanksi administratif lain,
sesuai dengan ketentuan peraturan perundang-undangan.","SAL POJK SLIK
Page 23  Paragraph 3 "
,Bagaimana dengan pengaduan Debitur mengenai ketidakakuratan Informasi Debitur?,Debitur dapat mengajukan pengaduan mengenai ketidakakuratan Informasi Debitur secara langsung kepada Pelapor yang bersangkutan.,"Correct
Debitur dapat mengajukan pengaduan mengenai ketidakakuratan Informasi Debitur secara langsung kepada Pelapor yang bersangkutan.","SAL POJK SLIK
Page 15  Paragraph 3"
,Siapa yang bertanggung jawab untuk menangani pengaduan Debitur?,Pelapor wajib menindaklanjuti pengaduan mengenai ketidakakuratan Informasi Debitur yang diajukan oleh Debitur.,"Correct 
Pelapor wajib menindaklanjuti pengaduan mengenai ketidakakuratan Informasi Debitur yang diajukan oleh Debitur sebagaimana dimaksud dalam Pasal 22.

Note:
But the question needs to be added: “Siapa yang bertanggung jawab untuk menangani pengaduan ketidakakuratan informasi Debitur?”","SAL POJK SLIK
Page 15  Paragraph 4
Number 1"
,Bagaimana batas waktu untuk menyelesaikan pengaduan Debitur?,Pelapor wajib menyelesaikan pengaduan mengenai ketidakakuratan Informasi Debitur paling lambat 20 (dua puluh) hari kerja setelah tanggal pengaduan diterima.,"Correct 
Pelapor wajib menyelesaikan pengaduan mengenai ketidakakuratan Informasi Debitur sebagaimana dimaksud dalam Pasal 22 paling lama 20 (dua puluh) hari kerja setelah tanggal pengaduan diterima oleh Pelapor.

Note:
But the question needs to be added: “Bagaimana batas waktu untuk menyelesaikan pengaduan ketidakakuratan informasi Debitur?”","SAL POJK SLIK
Page 16  Paragraph 2
Number 1"
,Bagaimana dengan koreksi Laporan Debitur jika ditemukan kesalahan?,Pelapor menyampaikan koreksi Laporan Debitur kepada OJK setelah melaporkan temuan atau melakukan penelitian atas permasalahan yang diadukan oleh Debitur.,"Correct 
Dalam hal berdasarkan hasil penelitian atas permasalahan yang diadukan sebagaimana dimaksud dalam Pasal 23 ayat (2) merupakan pengaduan yang disebabkan oleh kesalahan Pelapor, Pelapor menyampaikan koreksi Laporan Debitur kepada OJK.","SAL POJK SLIK
Page 16  Paragraph 4
Number 1"
,Siapa yang dapat meminta sanksi administratif atas Pelapor yang melanggar ketentuan?,OJK dapat memberikan sanksi administratif kepada Pelapor yang melanggar ketentuan dalam peraturan ini.,"Correct 
Pelapor yang atas dasar temuan OJK sebagaimana dimaksud dalam Pasal 7 huruf b dikenakan sanksi administratif berupa denda:","SAL POJK SLIK
Page 22  Paragraph 1
Number 2"
,Bagaimana dengan pelaksanaan pengenaan sanksi terhadap Pelapor baru?,Pengenaan sanksi terhadap Pelapor baru mulai berlaku 9 (sembilan) bulan sejak batas waktu yang ditetapkan dalam peraturan.,"Correct 
Bagi Pelapor baru, pelaksanaan pengenaan sanksi sebagaimana dimaksud dalam Pasal 33 ayat (1) huruf a, Pasal 33 ayat (2) huruf a, Pasal 34 ayat (1), Pasal 34 ayat (2), dan Pasal 34 ayat (3) huruf a, mulai berlaku 9 (sembilan) bulan sejak batas waktu sebagaimana dimaksud dalam Pasal 6.","SAL POJK SLIK
Page 24  Paragraph 2"
,"Apa yang dimaksud dengan ""keadaan kahar (force majeure)"" dalam peraturan ini?","Keadaan kahar (force majeure) merujuk pada situasi yang tidak dapat dihindari atau tidak dapat dikontrol, seperti bencana alam, yang mengganggu kegiatan operasional Pelapor.","Correct 
Yang dimaksud dengan “keadaan kahar (force majeure)” antara lain kebakaran, kerusuhan massa, perang, konflik bersenjata, sabotase serta bencana alam seperti banjir dan gempa bumi yang mengganggu kegiatan operasional Pelapor, yang dibenarkan oleh pejabat instansi yang berwenang dari daerah setempat.

Note:
The answer needs to be added: “yang dibenarkan oleh pejabat instansi yang berwenang dari daerah setempat.”","SAL POJK SLIK
Page 37  Paragraph 4
Number 1"
,Bagaimana dengan keterlambatan dalam penyampaian Laporan Debitur?,Keterlambatan dalam penyampaian Laporan Debitur akan dikenakan sanksi administratif berupa denda tergantung pada aset Pelapor dan lama keterlambatan.,"Correct 
1) Pelapor yang melanggar ketentuan sebagaimana dimaksud dalam Pasal 8 ayat (1) dan dinyatakan terlambat menyampaikan Laporan Debitur sebagaimana dimaksud dalam Pasal 9 ayat (1) atau Pasal 10 ayat (3) dikenakan sanksi administratif berupa:
a. denda
1. bagi Pelapor dengan aset paling sedikit Rp500.000.000.000,00 (lima ratus miliar rupiah), sebesar Rp1.000.000,00 (satu juta rupiah) per hari kerja keterlambatan; atau
2. bagi Pelapor dengan aset kurang dari Rp500.000.000.000,00 (lima ratus miliar rupiah), sebesar Rp100.000,00 (seratus ribu rupiah) per hari kerja keterlambatan, dan
b. penundaan pemberian Informasi Debitur sampai dengan Laporan Debitur diterima oleh OJK.

Note:
The answer does not contain point b.","SAL POJK SLIK
Page 20  Paragraph 3
Number 1"
,Bagaimana dengan pengenaan sanksi terhadap Pelapor yang tidak menyampaikan Laporan Debitur sama sekali?,Pelapor yang tidak menyampaikan Laporan Debitur sama sekali akan dikenakan sanksi administratif berupa denda dan penundaan pemberian Informasi Debitur.,"Correct 
(2) Pelapor yang melanggar ketentuan sebagaimana dimaksud dalam Pasal 8 ayat (1) dan dinyatakan tidak menyampaikan Laporan Debitur sebagaimana dimaksud dalam Pasal 9 ayat (2) dikenakan sanksi administratif berupa:
a. denda
1. bagi Pelapor dengan aset paling sedikit Rp500.000.000.000,00 (lima ratus miliar rupiah), sebesar Rp50.000.000,00 (lima puluh juta rupiah) per bulan Laporan Debitur dan paling lama 12 (dua belas) bulan Laporan Debitur secara berturut-turut; atau
2. bagi Pelapor dengan aset kurang dari Rp500.000.000.000,00 (lima ratus miliar rupiah), sebesar Rp5.000.000,00 (lima juta rupiah) per bulan Laporan Debitur dan paling lama 12 (dua belas) bulan Laporan Debitur secara berturut-turut; dan
b. penundaan pemberian Informasi Debitur sampai dengan seluruh Laporan Debitur diterima oleh OJK.","SAL POJK SLIK
Page 21  Paragraph 1
Number 2"
,Siapa yang dapat menjadi pegawai pelaksana dalam penyampaian Laporan Debitur?,"Pegawai pelaksana adalah pegawai atau pejabat yang ditunjuk untuk menyampaikan Laporan Debitur, melakukan verifikasi, mengajukan permintaan dan menerima Informasi Debitur, dan melakukan administrasi dan pengelolaan hak akses pengguna SLIK.","Correct 
1) Pelapor wajib menunjuk pegawai pelaksana dan/atau pejabat yang mencakup fungsi untuk:
a. menyampaikan Laporan Debitur;
b. melakukan verifikasi Laporan Debitur;
c. mengajukan permintaan dan menerima Informasi Debitur;
d. melakukan administrasi dan pengelolaan hak akses pengguna SLIK di internal Pelapor;
e. menangani pengaduan Debitur; dan
f. melakukan pengamanan data Informasi Debitur.

Note:
The answer does not contain point e and f.","SAL POJK SLIK
Page 18  Paragraph 3
Number 1"
,Bagaimana dengan permintaan Informasi Debitur oleh pihak lain?,"Permintaan Informasi Debitur oleh pihak lain dapat dilakukan secara rutin atau insidental, dengan memenuhi persyaratan tertentu seperti permohonan secara tertulis dan tanggung jawab atas penggunaan informasi.","Correct 
(2) Permintaan Informasi Debitur oleh pihak lain sebagaimana dimaksud pada ayat (1) dapat dilakukan secara:
a. rutin; dan/atau
b. insidental.
(4) Permintaan Informasi Debitur oleh pihak lain secara insidental sebagaimana dimaksud pada ayat (2) huruf b dilakukan dengan memenuhi persyaratan:
a. permohonan Informasi Debitur disampaikan secara tertulis kepada OJK oleh pihak yang memiliki kewenangan, dengan menyampaikan peruntukan penggunaan Informasi Debitur; dan
b. pemohon menyatakan bertanggung jawab terhadap segala akibat yang timbul berkaitan dengan penggunaan Informasi Debitur.","SAL POJK SLIK
Page 20  Paragraph 4
Number 2 and 4"
,"Apa yang dimaksud dengan ""prinsip pemisahan tugas (segregation of duties)"" dalam peraturan ini?",Prinsip pemisahan tugas (segregation of duties) merujuk pada praktik memisahkan tugas dan wewenang antara berbagai unit kerja atau pegawai dalam organisasi untuk mengurangi risiko kecurangan dan kesalahan internal.,"Correct 
Yang dimaksud dengan “prinsip pemisahan tugas (segregation of duties)” antara lain pemisahan tugas antara satuan kerja atau unit yang melakukan penyampaian Laporan Debitur, verifikasi Laporan Debitur dengan satuan kerja atau unit yang melaksanakan fungsi penyelesaian pengaduan Debitur.

Note: 
The answer “untuk mengurangi risiko kecurangan dan kesalahan internal.” is not in the document.","SAL POJK SLIK
Page 42  
Pasal 30 Ayat (2)"
,Siapa yang dimaksud dengan Pengendali Data Pribadi?,"Pengendali Data Pribadi adalah individu, badan publik, atau organisasi internasional yang menentukan tujuan dan melakukan kendali atas pemrosesan Data Pribadi.","Correct 
Pengendali Data Pribadi adalah setiap orang, badan publik, dan organisasi internasional yang bertindak sendiri-sendiri atau bersama-sama dalam menentukan tujuan dan melakukan kendali pemrosesan Data Pribadi.","UU Nomor 27 Tahun 2022
Page 2 Paragraph 1
Number 4
"
,Apa hak yang dimiliki Subjek Data Pribadi?,"Subjek Data Pribadi memiliki hak untuk mendapatkan informasi, memperbarui, memperbaiki, mengakses, dan menghapus Data Pribadi mereka.","Correct 
Subjek Data Pribadi berhak melengkapi, memperbarui, dan/atau memperbaiki kesalahan dan/atau ketidakakuratan Data Pribadi tentang dirinya sesuai dengan tujuan pemrosesan Data Pribadi.

Note:
Different in the last sentence oi the answer “mengakses, dan menghapus Data Pribadi mereka.”","UU Nomor 27 Tahun 2022
Page 5  Paragraph 3
"
,Bagaimana Pengendali Data Pribadi harus menjaga kerahasiaan Data Pribadi?,Pengendali Data Pribadi harus menerapkan teknis dan operasional untuk melindungi Data Pribadi dari akses tidak sah dan mengawasi setiap pihak yang terlibat dalam pemrosesan Data Pribadi.,"Correct 
Pengendali Data Pribadi wajib melakukan pengawasan terhadap setiap pihak yang terlibat dalam pemrosesan Data Pribadi di bawah kendali Pengendali Data Pribadi.

Pengendali Data Pribadi wajib mencegah Data Pribadi diakses secara tidak sah.","UU Nomor 27 Tahun 2022
Page 16 Paragraph 3 & 4
Pasal 36 and Pasal 39 (a)
"
,Apa yang dimaksud dengan pemrosesan Data Pribadi?,"Pemrosesan Data Pribadi meliputi pemerolehan, pengumpulan, pengolahan, penyimpanan, penampilan, pengungkapan, penghapusan, atau pemusnahan Data Pribadi.","Correct 
(1) Pemrosesan Data Pribadi meliputi:
a. pemerolehan dan pengumpulan;
b. pengolahan dan penganalisisan;
c. penyimpanan;
d. perbaikan dan pembaruan;
e. penampilan, pengumuman, transfer,
penyebarluasan, atau pengungkapan; dan/ atau
f. penghapusan atau pemusnahan.

Note:
The answer does not contain point d.","UU Nomor 27 Tahun 2022
Page 8 Paragraph 2
Number 1
"
,Bagaimana Pengendali Data Pribadi harus menangani permintaan akses dan penghapusan Data Pribadi oleh Subjek Data Pribadi?,Pengendali Data Pribadi harus memberikan akses dan memberikan salinan Data Pribadi dalam 3 x 24 jam dan harus menghapus Data Pribadi setelah permintaan penghapusan.,"Incorrect
(2) Akses sebagaimana dimaksud pada ayat (1) diberikan paling lambat 3 x 24 (tiga kali dua puluh empat) jam terhitung sejak Pengendali Data Pribadi menerima permintaan akses.

Note:
The explanation remains consistent but differs from what is found in the document.","UU Nomor 27 Tahun 2022
Page 14 Paragraph 4
Number 2
"
,Bagaimana Pengendali Data Pribadi harus menangani kegagalan Pelindungan Data Pribadi?,Pengendali Data Pribadi harus memberitahu Subjek Data Pribadi dan lembaga terkait dalam 3 x 24 jam dan melakukan upaya untuk menangani dan memulihkan terungkapnya Data Pribadi.,"Correct 
1) Dalam hal terjadi kegagalan Pelindungan Data Pribadi, Pengendali Data Pribadi wajib pemberitahuan secara tertulis paling lambat 3 x 24 (tiga kali dua puluh empat) jam kepada:
a. Subjek Data Pribadi; dan
b. lembaga.

(2)   Pemberitahuan   tertulis  sebagaimana  dimaksud  pada ayat (1) minimal memuat:
a.   Data Pribadi yang terungkap;
b.   kapan dan bagaimana Data Pribadi terungkap; dan

c. upaya penanganan dan pemulihan  atas terungkapnya Data Pribadi oleh Pengendali Data Pribadi.","UU Nomor 27 Tahun 2022
Page 19 Paragraph 2
Number 1 and 2
"
,Apa yang dimaksud dengan transfer Data Pribadi?,Transfer Data Pribadi adalah perpindahan Data Pribadi dari Pengendali Data Pribadi ke Pengendali Data Pribadi lain atau ke luar wilayah hukum Negara Republik Indonesia.,"Correct 
Pengendali Data Pribadi dapat melakukan transfer Data Pribadi kepada Pengendali Data Pribadi dan/atau Prosesor Data Pribadi di luar wilayah hukum Negara Republik Indonesia sesuai dengan ketentuan yang diatur dalarn Undang- Undang ini.","UU Nomor 27 Tahun 2022
Page 24 Paragraph 2
Number 1
"
,Bagaimana sanksi yang dikenai terhadap pelanggaran Undang-Undang Pelindungan Data Pribadi?,"Sanksi dapat berupa peringatan tertulis, penghentian sementara kegiatan pemrosesan Data Pribadi, penghapusan atau pemusnahan Data Pribadi, dan/atau denda administratif.","Correct 
(2) Sanksi administratif sebagaimana dimaksud pada
ayat (l) berupa:
a. peringatan tertulis;
b. penghentian sementara kegiatan pemrosesan Data Pribadi;
c. penghapusan atau pemusnahan Data Pribadi; dan/atau
d. denda administratif.","UU Nomor 27 Tahun 2022
Page 25 Paragraph 2
Number 2
"
,Siapa yang bertanggung jawab untuk penyelenggaraan Pelindungan Data Pribadi?,Pemerintah bertanggung jawab untuk penyelenggaraan Pelindungan Data Pribadi dengan menetapkan lembaga yang bertanggung jawab kepada Presiden.,"Incorrect 
(1) Pemerintah berperan dalam mewujudkan penyelenggaraan Pelindungan Data Pribadi sesuai dengan ketentuan Undang-Undang ini. 
(2) Penyelenggaraan Pelindungan Data Pribadi sebagaimana dimaksud pada ayat (1) dilaksanakan oleh lembaga. 
(3) Lembaga sebagaimana dimaksud pada ayat (21 ditetapkan oleh Presiden.

Note:
The answer is not quite accurate.","UU Nomor 27 Tahun 2022
Page 26 Paragraph 1
Number 1-3
"
,Bagaimana masyarakat dapat berperan dalam Pelindungan Data Pribadi?,"Masyarakat dapat berperan melalui pendidikan, pelatihan, advokasi, sosialisasi, dan pengawasan sesuai dengan ketentuan peraturan perundang-undangan.","Correct 
(1) Masyarakat dapat berperan baik secara langsung maupun tidak langsung dalam mendukung terselenggaranya Pelindungan Data Pribadi. 
(2) Pelaksanaan peran sebagaimana dimaksud pada ayat (1) dapat dilakukan melalui pendidikan, pelatihan, advokasi, sosialisasi, dan/ atau pengawasan sesuai dengan ketentuan peraturan perundang -undangan.","UU Nomor 27 Tahun 2022
Page 28 Paragraph 4
Number 1-2
"
,Apa yang dimaksud dengan data dan informasi kesehatan?,"Data dan informasi kesehatan adalah catatan atau keterangan individu yang berkaitan dengan kesehatan fisik, kesehatan mental, dan/atau pelayanan kesehatan.","Correct 
Yang dimaksud dengan ""data dan informasi kesehatan"" adalah catatan atau keterangan individu yang berkaitan dengan kesehatan fisik, kesehatan mental, dan/atau pelayanan kesehatan.","UU Nomor 27 Tahun 2022
Page 38 Paragraph 1
Ayat (2) Huruf a
"
,Bagaimana Pengendali Data Pribadi harus memperbarui dan memperbaiki Data Pribadi?,Pengendali Data Pribadi harus memperbarui dan memperbaiki Data Pribadi paling lambat 3 x 24 jam setelah menerima permintaan pembaruan dan/atau perbaikan.,"Correct 
(1)  Pengendali Data Pribadi wajib memperbarui dan/ atau memperbaiki kesalahan dan/atau ketidakakuratan Data Fribadi paling lambat 3 x 24 (tiga kali dua puluh empat) jam terhitung sejak Pengendali Data Pribadi menerima permintaan pembaruan dan/atau perbaikan Data Pribadi.","UU Nomor 27 Tahun 2022
Page 14 Paragraph 2
Number 1
"
,Apa yang dimaksud dengan data biometrik?,"Data biometrik adalah data yang berkaitan dengan fisik, fisiologis, atau karakteristik perilaku individu yang memungkinkan identifikasi unik terhadap individu, seperti gambar wajah atau data daktiloskopi.","Correct 
Yang dimaksud dengan ""data biometrik” adalah data yang berkaitan dengan fisik, fisiologis, atau karakteristik perilaku individu yang memungkinkan identilikasi unik terhadap individu, seperti gambar wajah atau data daktiloskopi. Data biometrik juga menjelaskan pada sifat keunikan dan/atau karakteristik seseorang yang harus ddaga dan dirawat, termasuk narnun tidak terbatas pada rekam sidik jari, retina mata, dan sampel DNA.","UU Nomor 27 Tahun 2022
Page 38 Paragraph 1
Ayat (2) Huruf b
"
,Bagaimana Pengendali Data Pribadi harus menangani pemrosesan Data Pribadi anak?,Pemrosesan Data Pribadi anak harus mendapat persetujuan dari orang tua anak dan/atau wali anak sesuai dengan ketentuan peraturan perundang-undangan.,"Correct 
(2) Pemrosesan Data Pribadi anak sebagaimana dimaksud pada ayat (1) wajib mendapat persetujuan dari orang tua anak dan/ atau wali anak sesuai dengan ketentuan peraturan perundang-undangan.","UU Nomor 27 Tahun 2022
Page 13 Paragraph 1
Number 1
"
,Bagaimana Pengendali Data Pribadi harus menangani pemrosesan Data Pribadi disabilitas?,Pemrosesan Data Pribadi disabilitas harus diselenggarakan secara khusus dan mendapat persetujuan dari penyandang disabilitas dan/atau wali penyandang disabilitas.,"Correct 
(1) Pemrosesan Data Pribadi disabilitas ' diselenggarakan secara khusus. secara disabilitas dilakukan 
(2) Pemrosesan Data Pribadi penyandang sebagaimana dimaksud pada ayat (1) melalui komunikasi dengan cara tertentu sesuai dengan ketentuan undangan. 
(3) Pemrosesalr Data Pribadi penyandang disabilitas sebagaimana dimaksud pada ayat (2) wajib mendapat persetujuan dari penyandang disabilitas dan/ atau wali penyandang disabilitas sesuai dengan ketentuan peraturan perundang-undangan.","UU Nomor 27 Tahun 2022
Page 13  Paragraph 2"
,Apa yang dimaksud dengan pemrosesan Data Pribadi secara terbatas dan spesifik?,Pemrosesan Data Pribadi secara terbatas dan spesifik berarti数据处理应该根据数据处理的目的进行限制，并且目的应该是明确、合法和透明的。,"Incorrect 
Yang dimaksud dengan ""secara terbatas dan spesifik” adalah Pengumpulan Data Pribadi hanrs terbatas sesuai dengan tujuan pemrosesannya serta tujuan pernrosesan Data Pribadi harus secara eksplisit, sah, dan telah ditentukan pada saat Pengumpulan Data Pribadi.","UU Nomor 27 Tahun 2022
Page 44 Paragraph 1
Pasal 27
"
,Bagaimana Pengendali Data Pribadi harus melindungi Data Pribadi dari akses tidak sah?,Pengendali Data Pribadi harus menerapkan sistem keamanan untuk mencegah akses tidak sah ke Data Pribadi dan memproses Data Pribadi secara etis dan bertanggung jawab.,"Correct 
(1) Pengendali Data Pribadi wajib mencegah Data Pribadi diakses secara tidak sah. 
(2) Pencegahan sebagaimana dimaksud pada ayat (1) dilakukan dengan menggunakan sistem keamanan terhadap Data Pribadi yang diproses dan/ atau memproses Data Pribadi menggunakan sistem elektronik secara andal, aman, dan bertanggung jawab.
 (3) Pencegahan sebagaimana dimaksud pada ayat (21 dilakukan sesuai dengan ketentuan peraturan perundang-undangan.","UU Nomor 27 Tahun 2022
Page 16 Paragraph 5
Number 2
"
,Apa yang dimaksud dengan penilaian dampak Pelindungan Data Pribadi?,Penilaian dampak Pelindungan Data Pribadi adalah proses untuk mengidentifikasi risiko dan potensi dampak terhadap Subjek Data Pribadi dari pemrosesan Data Pribadi yang memiliki risiko tinggi.,"Correct 
Penilaian dampak Pelindungan Data Pribadi dilakukan untuk mengevaluasi potensi risiko yang timbul dari suatu pemrosesesan Data Pribadi serta upaya atau langkah yang harus dilakukan untuk memitigasi risiko, termasuk terhadap hak Subjek Data Pribadi dan mematuhi Undang-Undang ini.

Note:
Even though the answer is quite different, it is still categorized as a suitable answer.","UU Nomor 27 Tahun 2022
Page 45
Pasal 34 Ayat (1)
"
,Bagaimana Pengendali Data Pribadi harus menangani permintaan penundaan atau pembatasan pemrosesan Data Pribadi?,Pengendali Data Pribadi harus menanggapi permintaan penundaan atau pembatasan pemrosesan Data Pribadi paling lambat 3 x 24 jam setelah menerima permintaan.,"Correct 
Pengendali Data Pribadi wajib melakukan penundaan dan pembatasan pemrosesan Data Pribadi baik sebagian maupun seluruhnya paling lambat 3 x 24 (tiga kali dua puluh empat) jam terhitung sejak Pengendali Data Pribadi menerima permintaan penundaan dan pembatasan pemrosesan Data Pribadi.","UU Nomor 27 Tahun 2022
Page 17 Paragraph 2
Number 1
"
,Apa yang dimaksud dengan sanksi administratif?,"Sanksi administratif adalah tindakan hukum yang diberikan oleh lembaga terhadap pelanggaran Undang-Undang Pelindungan Data Pribadi, seperti peringatan tertulis atau denda administratif.","Correct 
(2) Sanksi administratif sebagaimana dimaksud pada
ayat (l) berupa:
a. peringatan tertulis;
b. penghentian sementara kegiatan pemrosesan Data
Pribadi;
c. penghapusan atau pemusnahan Data Pribadi; dan/atau
d. denda administratif.
(3) Sanksi administratif berupa denda administrative sebagaimana dimaksud pada ayat (2) huruf d paling
tinggi 2 (dua) persen dari perrdapatan tahunan atau penerimaan tahunan terhadap variabel pelanggaran.","UU Nomor 27 Tahun 2022
Page 25 Paragraph 1
"
,Bagaimana Pengendali Data Pribadi harus menangani permintaan penghapusan Data Pribadi oleh Subjek Data Pribadi?,Pengendali Data Pribadi harus menghapus Data Pribadi sesuai dengan ketentuan peraturan perundang-undangan setelah menerima permintaan penghapusan.,"Correct 
(2) Pemusnahan Data Pribadi sebagaimana dimaksud pada ayat (1) dilakukan sesuai dengan ketentuan peraturan perundang-undangan.","UU Nomor 27 Tahun 2022
Page 18 Paragraph 3
"
,Bagaimana Pengendali Data Pribadi harus menangani permintaan penarikan kembali persetujuan pemrosesan Data Pribadi oleh Subjek Data Pribadi?,Pengendali Data Pribadi harus menghentikan pemrosesan Data Pribadi paling lambat 3 x 24 jam setelah menerima permintaan penarikan kembali persetujuan.,"Correct 
(2) Penghentian pemrosesan Data Pribadi sebagaimana dimaksud pada ayat (1) dilakukan paling lambat 3 x 24 (tiga kali dua puluh empat) jam terhitung sejak Pengendali Data Pribadi menerima permintaan penarikan kembali persetujuan pemrosesan Data Pribadi.","UU Nomor 27 Tahun 2022
Page 17 Paragraph 1"
,Apa yang dimaksud dengan pelaksanaan hukum acara dalam penyelesaian sengketa Pelindungan Data Pribadi?,"Pelaksanaan hukum acara dalam penyelesaian sengketa Pelindungan Data Pribadi merujuk pada proses hukum yang diikuti dalam menyelesaikan perselisihan terkait Pelindungan Data Pribadi, seperti arbitrase atau pengadilan.","Correct 
1) Penyelesaian sengketa Perlindungan Data Pribadi dilakukan melalui arbitrase, pengadilan, atau lembaga penyelesaian sengketa alternatif lainnya sesuai dengan ketentuan peraturan perundang-undangan.","UU Nomor 27 Tahun 2022
Page 29 Paragraph 1
"
,Bagaimana Pengendali Data Pribadi harus menangani permintaan pemusnahan Data Pribadi oleh Subjek Data Pribadi?,Pengendali Data Pribadi harus memusnahkan Data Pribadi sesuai dengan ketentuan peraturan perundang-undangan setelah menerima permintaan pemusnahan.,"Correct 
(1) Pengendali Data Pribadi wajib memusnahkan Data
Pribadi dalam hal:
a. telah habis masa retensinya dan berketerangan
dimusnahkan berdasarkarr jadwal retensi arsip;
b. terdapat permintaan dari Subjek Data Pribadi;
c. tidak berkaitan dengan penyelesaian proses hukum suatu perkara; dan/ atau
d. Data Pribadi diperoleh dan/ atau diproses dengan
cara melawan hukum.
(2) Pemusnahan Data Pribadi sebagaimana dimaksud
pada ayat (1) dilakukan sesuai dengan ketentuan peraturan perundang-undangan.","UU Nomor 27 Tahun 2022
Page 18 Paragraph 3
"
,Apa yang dimaksud dengan kegagalan Pelindungan Data Pribadi?,"Kegagalan Pelindungan Data Pribadi adalah kegagalan untuk melindungi Data Pribadi seseorang dalam hal kerahasiaan, integritas, dan ketersediaan Data Pribadi, termasuk pelanggaran keamanan yang membahayakan hak Subjek Data Pribadi.","Correct 
Yang dimaksud dengan kegagalan “Pelindungan Data Pribadi"" adalah kegagalan melindungi Data Pribadi seseorang dalam hal kerahasiaan, integritas, dan ketersediaan Data Pribadi, termasuk pelanggaran keamanan, baik yang disengaja maupun tidak disengaja, yang mengarah pada perusakan, kehilangan, perubahan, pengungkapan, atau akses yang tidak sah terhadap Data Pribadi yang dikirim, disimpan, atau diproses.","UU Nomor 27 Tahun 2022
Page 46 Paragraph 1
Pasal 46 Ayat (1)
"
,"Apa yang dimaksud dengan ""Data Pribadi""?",Data Pribadi adalah data yang mengenai orang perseorangan yang teridentifikasi atau dapat diidentifikasi secara langsung atau tidak langsung.,"Correct 
Data Pribadi adalah data tentang orang perseorangan yang teridentifikasi atau dapat diidentifikasi secara tersendiri atau dikombinasi dengan informasi lainnya baik secara langsung maupun tidak langsung melalui sistem elektronik atau nonelektronik.

Note:
The answer is lacking “melalui system elektronik dan nonelektronik.”.","Rancangan Peraturan Pemerintah Tentang Peratuan Pelaksanaan UU Nomor 27 Tahun 2022
Page 2 Paragraph 1
Number 1
"
,"Bagaimana definisi ""Prosesor Data Pribadi""?","Prosesor Data Pribadi adalah orang, badan publik, atau organisasi internasional yang melakukan pemrosesan Data Pribadi atas nama Pengendali Data Pribadi.","Correct 
Prosesor  Data  Pribadi  adalah  setiap  orang,  badan publik, dan organisasi internasional yang bertindak sendiri-sendiri atau bersama-sama dalam melakukan pemrosesan Data Pribadi atas nama Pengendali Data Pribadi.","Rancangan Peraturan Pemerintah Tentang Peratuan Pelaksanaan UU Nomor 27 Tahun 2022
Page 2 Paragraph 1
Number 5
"
,"Apa yang dimaksud dengan ""Konflik Kepentingan"" dalam konteks Pelindungan Data Pribadi?",Konflik Kepentingan merujuk pada situasi di mana kepentingan Pengendali Data Pribadi atau Prosesor Data Pribadi bertentangan dengan hak dan kepentingan Subjek Data Pribadi.,"Correct 
(2)   Dalam  hal  Pejabat  Petugas  Pelindung  Data  Pribadi melaksanakan tugas dan kewajiban lain, Pengendali Data Pribadi atau Prosesor Data Pribadi harus memastikan bahwa tugas tersebut tidak mengakibatkan konflik kepentingan.","Rancangan Peraturan Pemerintah Tentang Peratuan Pelaksanaan UU Nomor 27 Tahun 2022
Page 103 Paragraph 1
"
,"Siapa yang bertanggung jawab atas ""Pengawasan Pelindungan Data Pribadi""?",Pengawasan Pelindungan Data Pribadi dilakukan oleh Lembaga Pelindungan Data Pribadi (PDP) dan pejabat yang ditunjuk untuk itu.,"Correct 
Lembaga Pelindungan Data Pribadi yang selanjutnya disebut Lembaga PDP adalah lembaga yang dibentuk berdasarkan Undang-Undang Nomor 27 Tahun 2022 tentang Pelindungan Data Pribadi.","Rancangan Peraturan Pemerintah Tentang Peratuan Pelaksanaan UU Nomor 27 Tahun 2022
Page 4 Paragraph 1
Number 17
"
,"Bagaimana ""Pengaduan"" tentang pelanggaran Pelindungan Data Pribadi diajukan?","Pengaduan dapat diajukan secara tertulis atau secara elektronik kepada Lembaga PDP dengan menyebutkan identitas pengadu, permasalahan, dan bukti yang terkait.","Correct 
(3) Aduan atau laporan sebagaimana dimaksud pada ayat (1) huruf a diajukan secara tertulis yang memuat paling sedikit informasi: 
a. identitas pihak yang mengadukan atau melaporkan;
 b. identitas Pengendali Data Pribadi dan/atau Prosesor Data Pribadi yang diadukan atau dilaporkan; 
c. dugaan pelanggaran administratif yang dilakukan disertasi dengan ketentuan pasal yang dilanggar; dan 
d. keterangan dan/atau bukti yang memuat fakta","Rancangan Peraturan Pemerintah Tentang Peratuan Pelaksanaan UU Nomor 27 Tahun 2022
Page 131  Paragraph 1
"
,"Apa yang dimaksud dengan ""Pelindungan Kepentingan Vital"" dalam konteks Pelindungan Data Pribadi?","Pelindungan Kepentingan Vital merujuk pada tindakan pemrosesan Data Pribadi yang dilakukan untuk melindungi keamanan, kesehatan, atau kelangsungan hidup Subjek Data Pribadi.","Correct 
Pemrosesan Data Pribadi berdasarkan pemenuhan pelindungan kepentingan vital sebagaimana dimaksud dalam Pasal 60 dilakukan dalam hal:
a. terdapat ancaman terhadap hidup, fisik, dan/atau properti/aset Subjek Data Pribadi atau pihak ketiga lainnya;","Rancangan Peraturan Pemerintah Tentang Peratuan Pelaksanaan UU Nomor 27 Tahun 2022
Page 38  Paragraph 3
"
,"Bagaimana ""Penghapusan Data Pribadi"" dilakukan?",Penghapusan Data Pribadi dilakukan dengan menghapus Data Pribadi dari sistem atau basis data secara permanen dan menghilangkan semua salinan cadangan.,"Correct 
(3) Penghapusan Data Pribadi sebagaimana dimaksud pada ayat (1) dilakukan dengan cara menghapus Data Pribadi sehingga Data Pribadi tersebut tidak lagi dapat diakses oleh selain Pengendali Data Pribadi.","Rancangan Peraturan Pemerintah Tentang Peratuan Pelaksanaan UU Nomor 27 Tahun 2022
Page 56  Paragraph 1
"
,"Apa yang dimaksud dengan ""Pemusnahan Data Pribadi""?",Pemusnahan Data Pribadi merujuk pada proses secara permanen menghilangkan Data Pribadi dari semua sistem dan media penyimpanan yang digunakan.,"Correct 
melakukan penghapusan atau pemusnahan Data Pribadi di semua lokasi penyimpanan Data Pribadi;","Rancangan Peraturan Pemerintah Tentang Peratuan Pelaksanaan UU Nomor 27 Tahun 2022
Page 13 Paragraph 1
"
,"Bagaimana ""Pelindungan Data Pribadi"" dijamin dalam ""Transfer Data Pribadi""?",Pelindungan Data Pribadi dijamin dalam transfer dengan memastikan bahwa penerima Data Pribadi di negara tujuan memiliki tingkat pelindungan yang setara atau lebih tinggi.,"Correct 
Dalam melakukan transfer Data Pribadi sebagaimana dimaksud dalam Pasal 181, Pengendali Data Pribadi wajib memastikan negara tempat kedudukan Pengendali Data Pribadi dan/atau Prosesor Data Pribadi yang menerima transfer Data Pribadi memiliki tingkat Pelindungan Data Pribadi yang setara atau lebih tinggi dari yang diatur dalam peraturan perundangundangan di bidang Pelindungan Data Pribadi.","Rancangan Peraturan Pemerintah Tentang Peratuan Pelaksanaan UU Nomor 27 Tahun 2022
Page  133 Paragraph 2
"
,"Apa yang dimaksud dengan ""Kerja Sama Internasional"" dalam konteks Pelindungan Data Pribadi?",Kerja Sama Internasional merujuk pada kegiatan kerja sama antara negara-negara atau lembaga internasional dalam bidang Pelindungan Data Pribadi.,"Correct 
Yang dimaksud dengan “perjanjian internasional” merupakan perjanjian antar-negara yang bersifat bilateral, multirateral atau regional dalam bidang Pelindungan Data Pribadi.","Rancangan Peraturan Pemerintah Tentang Peratuan Pelaksanaan UU Nomor 27 Tahun 2022
Page 30 Paragraph 1
"
,"Apa yang dimaksud dengan ""Pelindungan Data Pribadi yang Memadai dan Bersifat Mengikat""?",Pelindungan Data Pribadi yang Memadai dan Bersifat Mengikat adalah tata cara atau kebijakan yang mengikat dan harus dipatuhi oleh Pengendali dan Prosesor Data Pribadi.,"Correct 
(2) Pelindungan Data Pribadi yang memadai dan bersifat mengikat sebagaimana dimaksud pada ayat (1) dapat berupa: 
a. perjanjian antarnegara tempat kedudukan Pengendali Data Pribadi dan/atau Prosesor Data Pribadi yang melakukan transfer Data Pribadi dengan negara tempat kedudukan Pengendali Data Pribadi dan/atau Prosesor Data Pribadi yang menerima transfer Data Pribadi; 
b. standar klausul kontrak Pelindungan Data Pribadi; 
c. peraturan perusahaan yang mengikat untuk suatu grup perusahaan; dan/atau 
d. instrumen Pelindungan Data Pribadi yang memadai dan mengikat lain yang diakui oleh Lembaga PDP.","Rancangan Peraturan Pemerintah Tentang Peratuan Pelaksanaan UU Nomor 27 Tahun 2022
Page 115  Paragraph 2
"
,"Apa yang dimaksud dengan ""Penggunaan Data Pribadi untuk Kepentingan Umum""?","Penggunaan Data Pribadi untuk Kepentingan Umum merujuk pada penggunaan Data Pribadi untuk tujuan yang berada dalam kepentingan masyarakat secara luas, seperti kesehatan publik atau keselamatan.","Correct 
Yang dimaksud dengan “kepentingan umum” merupakan kepentingan bangsa dan negara dan/atau kepentingan masyarakat luas.","Rancangan Peraturan Pemerintah Tentang Peratuan Pelaksanaan UU Nomor 27 Tahun 2022
Page 34 Paragraph 1
"
,"Bagaimana ""Pengawasan"" dilakukan pada Prosesor Data Pribadi?",Pengawasan pada Prosesor Data Pribadi dilakukan dengan memastikan bahwa mereka beroperasi sesuai dengan perintah Pengendali Data Pribadi dan peraturan perundang-undangan yang berlaku.,"Correct 
(1) Pengendali Data Pribadi wajib melakukan pengawasan terhadap setiap pihak yang terlibat dalam pemrosesan Data Pribadi di bawah kendali Pengendali Data Pribadi.","Rancangan Peraturan Pemerintah Tentang Peratuan Pelaksanaan UU Nomor 27 Tahun 2022
Page  76 Paragraph 3
"
,"Apa yang dimaksud dengan ""Penghapusan Data Pribadi""?",Penghapusan Data Pribadi merujuk pada proses menghapus Data Pribadi dari sistem atau basis data setelah Data Pribadi tidak lagi diperlukan untuk tujuan yang telah ditentukan.,"Correct 
1. melakukan penghapusan atau pemusnahan Data Pribadi sesuai dengan ketentuan peraturan perundang-undangan; 
2. melakukan penghapusan atau pemusnahan Data Pribadi di semua lokasi penyimpanan Data Pribadi; 
3. menyimpan bukti penghapusan atau pemusnahan Data Pribadi dalam bentuk berita acara penghapusan; dan 
4. menyampaikan bukti penghapusan atau pemusnahan Data Pribadi kepada Subjek Data Pribadi; dan","Rancangan Peraturan Pemerintah Tentang Peratuan Pelaksanaan UU Nomor 27 Tahun 2022
Page  13 Paragraph 1
"
,"Bagaimana ""Pelindungan Data Pribadi"" dipelajari dan diaplikasikan dalam ""Penggunaan Data Pribadi""?","Pelindungan Data Pribadi dipelajari dan diaplikasikan dengan memahami prinsip-prinsip dan tata tertentu yang berlaku, serta menerapkannya dalam proses pengumpulan, penyimpanan, dan penggunaan Data Pribadi.","Correct 
f. menerapkan prinsip-prinsip pemrosesan Data Pribadi dalam hal pemerolehan dan pengumpulan Data Pribadi sesuai ketentuan peraturan perundang-undangan.","Rancangan Peraturan Pemerintah Tentang Peratuan Pelaksanaan UU Nomor 27 Tahun 2022
Page  9 Paragraph 2
"
,"Apa yang dimaksud dengan ""asas pelindungan"" dalam konteks Undang-Undang ini?","""Asas pelindungan"" merujuk pada prinsip bahwa setiap pemrosesan Data Pribadi dilakukan dengan memberikan pelindungan kepada Subjek Data Pribadi atas Data Pribadinya agar tidak disalahgunakan.","Correct 
Yang dimaksud dengan ""asas pelindungan"" adalah bahwa setiap pemrosesan Data Pribadi dilakukan dengan memberikan pelindungan kepada Subjek Data Pribadi atas Data Pribadinya dan Data Pribadi tersebut agar tidak disalahgunakan.","UU Nomor 27 Tahun 2022
Page 36 Paragraph 3
Pasal 3 Huruf a
"
,"Apa yang dimaksud dengan ""asas kepastian hukum"" dalam Undang-Undang ini?","""Asas kepastian hukum"" menunjukkan bahwa setiap pemrosesan Data Pribadi dilakukan berdasarkan landasan hukum untuk mewujudkan Pelindungan Data Pribadi dan mendapatkan pengakuan hukum di dalam dan di luar pengadilan.","Correct 
Yang dimaksud dengan ""asas kepastian hukum"" adalah bahwa setiap pemrosesan Data Pribadi dilakukan berdasarkan landasan hukum untuk mewujudkan Pelindungan Data Pribadi serta segala sesuatu yang mendukung penyelenggaraannya sehingga mendapatkan pengakuan hukum di dalam dan di luar pengadilan.","UU Nomor 27 Tahun 2022
Page 37 Paragraph 1
Pasal Huruf b
"
,"Apa yang dimaksud dengan ""asas kepentingan umum"" dalam Undang-Undang ini?","""Asas kepentingan umum"" menunjukkan bahwa dalam Pelindungan Data Pribadi harus memperhatikan kepentingan umum atau masyarakat secara luas, termasuk negara, pertahanan, dan keamanan nasional.","Correct 
Yang dimaksud dengan ""asas kepentingan umum"" adalah bahwa dalam menegakkan Pelindungan Data Pribadi harus memperhatikan kepentingan umum atau masyarakat secara luas. Kepentingan umum tersebut antara lain kepentingan penyelenggaraan negara dan pertahanan dan keamanan nasional.","UU Nomor 27 Tahun 2022
Page 37 Paragraph 1
Pasal Huruf c
"
,Apa yang harus dilakukan oleh Pelapor untuk menjamin keamanan dan ketersediaan data Laporan Debitur?,"Pelapor harus memiliki kebijakan dan prosedur tertulis tentang pemeliharaan dan pengamanan sistem dan data, termasuk langkah yang dilakukan dalam rangka memastikan kelengkapan, keakuratan, kekinian, keutuhan, dan ketepatan waktu Laporan Debitur dan/atau koreksi Laporan Debitur.","Correct 
Pelapor wajib memiliki kebijakan dan prosedur tertulis mengenai penyampaian Laporan Debitur dan/atau koreksi Laporan Debitur yang paling sedikit mencakup:
a. wewenang dan tanggung jawab pegawai yang melakukan verifikasi dan menyampaikan Laporan Debitur dan/atau koreksi Laporan Debitur kepada OJK;
b. langkah yang dilakukan dalam rangka pemeliharaan dan pengamanan sistem dan data;
c. langkah yang dilakukan dalam rangka memastikan kelengkapan, keakuratan, kekinian, keutuhan, dan ketepatan waktu Laporan Debitur dan/atau koreksi Laporan Debitur;","SAL POJK SLIK
Page 17 Paragraph 2
"
,Bagaimana sanksi yang berlaku untuk Pelapor yang melanggar ketentuan lebih dari satu dalam Peraturan ini?,"Pelapor yang melanggar ketentuan lebih dari satu dalam Peraturan ini, selain dikenakan sanksi administratif berupa teguran tertulis atau peringatan tertulis, denda, dan/atau sanksi administratif lainnya, dapat dikenakan sanksi administratif berupa penurunan tingkat kesehatan, pembekuan kegiatan usaha tertentu, penilaian kemampuan dan kepatutan, atau sanksi administratif lain sesuai dengan ketentuan peraturan perundang-undangan.","Correct 
Pelapor  sebagaimana  dimaksud  dalam  Pasal  2,  yang melanggar ketentuan sebagaimana dimaksud dalam Pasal 7 huruf b, Pasal 8 ayat (1), Pasal 8 ayat (2) huruf a, Pasal 8 ayat (2) huruf b, Pasal 9 ayat (1), Pasal 9 ayat (2), Pasal 9 ayat (4), Pasal 10 ayat (3), dan Pasal 15 ayat (4), selain dikenakan sanksi administratif berupa teguran tertulis atau peringatan tertulis, denda, dan/atau sanksi administratif lainnya sebagaimana dimaksud  dalam Pasal 32, Pasal 33, Pasal 34, dan/atau Pasal 35, dapat dikenakan sanksi administratif berupa: 
a.    penurunan tingkat kesehatan;
b.    pembekuan kegiatan usaha tertentu; 
c.    penilaian kemampuan dan kepatutan; dan/atau 
d.    sanksi administratif lain, sesuai dengan ketentuan peraturan perundang-undangan.","SAL POJK SLIK
Page 23 Paragraph 3
"
,Apakah ada ketentuan peraliihan untuk Pelapor yang sudah ada sebelum Peraturan ini berlaku?,"Ya,裴lapor yang sudah ada sebelum Peraturan ini berlaku harus menyampaikan Laporan Debitur kepada OJK mulai dari Laporan Debitur bulan Maret 2017 dan bulan April 2017 yang disampaikan paling lambat bulan Mei 2017, dan daftar pegawai pelaksana dan/atau pejabat sebagaimana dimaksud dalam Pasal 30 ayat (1) kepada OJK paling lama 3 (tiga) bulan sejak Peraturan OJK ini mulai berlaku.","Correct 
(1) Bank Umum, BPR, BPRS, Lembaga Pembiayaan yang memberikan Fasilitas Penyediaan Dana, dan Lembaga Jasa Keuangan Lainnya yang memberikan Fasilitas Penyediaan Dana, yang pada saat Peraturan OJK ini berlaku, telah menjadi Pelapor Sistem Informasi Debitur sebagaimana dimaksud dalam Peraturan Bank Indonesia Nomor 9/14/PBI/2007 tentang Sistem Informasi Debitur sebagaimana telah diubah dengan Peraturan Bank Indonesia Nomor 18/21/PBI/2016 tentang Perubahan atas Peraturan Bank Indonesia Nomor 9/14/PBI/2007 tentang Sistem Informasi Debitur menyampaikan:
a. Laporan Debitur kepada OJK mulai Laporan Debitur bulan Maret 2017 dan bulan April 2017 yang disampaikan paling lambat bulan Mei 2017; dan 
b. daftar pihak yang ditunjuk sebagai pegawai pelaksana dan/atau pejabat sebagaimana dimaksud dalam Pasal 30 ayat (1) kepada OJK paling lama 3 (tiga) bulan sejak Peraturan OJK ini mulai berlaku.
Note
The answer is correct; however, there is a misspelling using the Chinese language character '裴'.","SAL POJK SLIK
Page 24 Paragraph 3
"
,Bagaimana ketentuan tentang pelaksanaan pengawasan oleh OJK terhadap Pelapor?,OJK melakukan pengawasan secara langsung dan/atau tidak langsung terkait pelaksanaan SLIK terhadap Pelapor sebagaimana dimaksud dalam Pasal 3. Pelapor wajib memberikan informasi kepada OJK dalam rangka pelaksanaan pengawasan.,"Correct 
(1) OJK melakukan pengawasan secara langsung dan/atau pengawasan secara tidak langsung terkait pelaksanaan SLIK terhadap Pelapor sebagaimana dimaksud dalam Pasal 2. 
(2) OJK berwenang melakukan pengawasan secara langsung dan/atau pengawasan secara tidak langsung terkait pelaksanaan SLIK terhadap Pelapor sebagaimana dimaksud dalam Pasal 3.","SAL POJK SLIK
Page 19 Paragraph 2
"
,Kapan mulai berlaku Peraturan OJK ini?,Peraturan OJK ini mulai berlaku pada tanggal diundangkan.,"Correct 
Peraturan OJK ini mulai berlaku pada tanggal diundangkan.

Note
The answer matches what is stated in the document; however, additional detailed information needs to be included.","SAL POJK SLIK
Page 26 Paragraph 3
"
,Bagaimana Lembaga PDP dapat mengambil perhatian atas aduan atau laporan tentang pelanggaran Pelindungan Data Pribadi?,"Lembaga PDP dapat mengambil perhatian atas aduan atau laporan melalui proses pengaduan atau pelaporan dugaan pelanggaran, yang kemudian akan diverifikasi, dan jika perlu, dilakukan pemeriksaan lanjutan dan ditindaklanjuti sesuai dengan tata cara yang ditetapkan.","Correct 
Pasal 216 
(1) Dugaan terhadap pelanggaran Pelindungan Data Pribadi dapat berasal dari: a. aduan atau laporan; dan/atau b. hasil pengawasan Pelindungan Data Pribadi.

Pasal 217 
Lembaga PDP melakukan pemeriksaan pendahuluan terhadap dokumen pengaduan atau pelaporan sebagaimana dimaksud dalam Pasal 215 huruf a paling lama 3 (tiga) hari kerja sejak diterimanya pengaduan atau pelaporan.

Pasal 218 
Dalam hal dugaan pelanggaran Pelindungan Data Pribadi berasal dari hasil pengawasan Pelindungan Data Pribadi sebagaimana dimaksud dalam Pasal 216 ayat (1) huruf b, Lembaga PDP menindaklanjuti dengan melakukan pemeriksaan lanjutan.","Rancangan Peraturan Pemerintah Tentang Peratuan Pelaksanaan UU Nomor 27 Tahun 2022
Page 131-132
"
,Apa yang harus dilakukan oleh Pengendali Data Pribadi jika mereka tidak memenuhi kewajiban untuk melindungi Data Pribadi dengan baik?,"Jika Pengendali Data Pribadi tidak memenuhi kewajibannya, mereka dapat dikenai sanksi administratif oleh Lembaga PDP, seperti peringatan tertulis, penghentian sementara kegiatan pemrosesan Data Pribadi, penghapusan atau pemusnahan Data Pribadi, atau denda administratif.","Correct 
(2) Sanksi administratif sebagaimana dimaksud pada ayat (1) meliputi: 
a. peringatan tertulis; 
b. penghentian sementara kegiatan pemrosesan Data Pribadi; 
c. penghapusan atau pemusnahan Data Pribadi; dan/atau 
d. denda administratif.","Rancangan Peraturan Pemerintah Tentang Peratuan Pelaksanaan UU Nomor 27 Tahun 2022
Page 140 Paragraph 2
Pasal 228
"
,"Dalam rangka penyelesaian sengketa, bagaimana Lembaga PDP menangani laporan sengketa dari Para Pihak yang Bersengketa?","Lembaga PDP akan melakukan verifikasi dokumen dan informasi terkait laporan sengketa, memberikan nomor registrasi, dan jika perlu, mengambil tindakan seperti memanggil Para Pihak yang Bersengketa, meminta dokumen atau informasi lebih lanjut, atau menjalankan kewenangan lain sesuai dengan peraturan perundang-undangan. Lembaga PDP kemudian memfasilitasi penyelesaian sengketa melalui mediasi atau arbitrase, tergantung pada kebijakan dan prosedur yang berlaku.","Correct 
(1) Lembaga PDP melakukan verifikasi dokumen dan informasi terhadap laporan sebagaimana dimaksud dalam Pasal 227 dan memberikan nomor registrasi. 
(2) Nomor registrasi sebagaimana dimaksud pada ayat (1) disampaikan kepada pihak yang menyampaikan laporan. 
(3) Dalam hal diperlukan untuk verifikasi, Lembaga PDP dapat: 
a. memanggil Para Pihak yang Bersengketa; 
b. meminta dokumen atau informasi lebih lanjut; dan/atau
 c. menjalankan kewenangan lain sesuai dengan peraturan perundang-undangan. (4) Hasil verifikasi sebagaimana dimaksud pada ayat (3) disusun dalam berita acara. (5) Dalam hal berdasarkan hasil verifikasi ditemukan adanya unsur pelanggaran tindak pidana, Lembaga PDP dapat 
a. meminta pelapor untuk melaporkan dugaan
pelanggaran tindak pidana tersebut ke aparat
penegak hukum; dan/atau
b. menyampaikan hasil verifikasi kepada aparat
penegak hukum.
(6) Dalam hal berdasarkan hasil verifikasi ditemukan
adanya unsur pelanggaran administratif, Lembaga PDP
harus memproses laporan tersebut dalam rangka
penegakan hukum administratif.
(7) Dalam hal berdasarkan hasil verifikasi tidak ditemukan
adanya unsur pelanggaran tindak pidana dan/atau
unsur pelanggaran administratif, Lembaga PDP
memfasilitasi penyelesaian Sengketa tersebut sebagai
suatu sengketa Para Pihak yang Bersengketa.","Rancangan Peraturan Pemerintah Tentang Peratuan Pelaksanaan UU Nomor 27 Tahun 2022
Page 140 Paragraph 2
Pasal 228
"
,"Bagaimana ""Penggunaan Data Pribadi"" dibatasi?",Penggunaan Data Pribadi dibatasi dengan memastikan bahwa penggunaan tersebut hanya dilakukan untuk tujuan yang telah disebutkan dan tidak mengganggu hak Subjek Data Pribadi.,"Correct 
(2) Tujuan pemrosesan Data Pribadi sebagaimana dimaksud pada ayat (1) harus terbatas untuk
memenuhi tujuan tertentu yang disampaikan kepada Subjek Data Pribadi secara eksplisit dan tegas.","Rancangan Peraturan Pemerintah Tentang Peratuan Pelaksanaan UU Nomor 27 Tahun 2022
Page 47 Paragraph 4
Pasal 80
"
,"Bagaimana ""Pengawasan"" dilakukan pada Pengendali Data Pribadi?","Pengawasan dilakukan melalui pemantauan, pengendalian, pemeriksaan, dan penelusuran untuk memastikan kepatuhan dengan peraturan perundang-undangan.","Correct 
(1) Pengawasan kepatuhan sebagaimana dimaksud dalam Pasal 200 huruf b meliputi pemantauan, pengendalian, pemeriksaan, dan penelusuran.
","Rancangan Peraturan Pemerintah Tentang Peratuan Pelaksanaan UU Nomor 27 Tahun 2022
Page 125 Paragraph 3
Pasal 203
"